<?xml version='1.0' encoding='utf-8'?>
<!DOCTYPE hibernate-configuration PUBLIC
        "-//Hibernate/Hibernate Configuration DTD//EN"
        "http://www.hibernate.org/dtd/hibernate-configuration-3.0.dtd">
<hibernate-configuration>
    <session-factory>
        <property name="connection.url">jdbc:mysql://localhost:3306/campusreservation?characterEncoding=utf-8</property>
        <property name="connection.driver_class">com.mysql.jdbc.Driver</property>

        <!-- <property name="connection.username"/> -->
        <property name="connection.username">root</property>

        <!-- <property name="connection.password"/> -->

        <property name="connection.password">helloworld147</property>

        <!-- DB schema will be updated if needed -->
        <property name="dialect">org.hibernate.dialect.MySQL5Dialect</property>
        <property name="show_sql">true</property>
        <property name="format_sql">true</property>

        <!-- <property name="hbm2ddl.auto">update</property> -->
        <property name="hbm2ddl.auto">update</property>
        <mapping class="Entity.UsersEntity"/>
        <mapping resource="Entity/UsersEntity.hbm.xml"/>
        <mapping class="Entity.SreservationEntity"/>
        <mapping resource="Entity/SreservationEntity.hbm.xml"/>
        <mapping class="Entity.TreservationEntity"/>
        <mapping resource="Entity/TreservationEntity.hbm.xml"/>
        <mapping class="Entity.FollowEntity"/>
        <mapping resource="Entity/FollowEntity.hbm.xml"/>
    </session-factory>
</hibernate-configuration>