<?xml version="1.0" encoding="UTF-8"?>

<!DOCTYPE struts PUBLIC
        "-//Apache Software Foundation//DTD Struts Configuration 2.5//EN"
        "http://struts.apache.org/dtds/struts-2.5.dtd">

<struts>
    <constant value="/static/.*?" name="struts.action.excludePattern"/>
    <package name="websystem" namespace="/" extends="struts-default">

        <!--WebFilter-->
        <interceptors>
            <interceptor name="LoginInterceptor" class="Webfilter.LoginInterceptor"/>
            <interceptor-stack name="LoginStack">
                <interceptor-ref name="LoginInterceptor">
                    <param name="excludeMethods">Login, register</param>
                </interceptor-ref>
                <interceptor-ref name="defaultStack"> </interceptor-ref>
            </interceptor-stack>
        </interceptors>
        <default-interceptor-ref name="LoginStack"/>

        <global-results>
            <result name="Login">register.jsp</result>
            <result name="successStu">stu_homepage.jsp</result>
            <result name="successTea">tea_homepage.jsp</result>
        </global-results>

        <!--Action-->
        <action name="LoginAction" class="Action.LoginAction" method="Login">
            <result name="notModify">modify.jsp</result>
            <result name="error">register.jsp</result>
        </action>
        <action name="RegisterAction" class="Action.RegisterAction" method="register">
            <result name="success">modify.jsp</result>
            <result name="error">register.jsp</result>
        </action>
        <action name="ModifyAction" class="Action.ModifyAction">
            <result name="error">modify.jsp</result>
        </action>
        <action name="ReleaseAction" class="Action.ReleaseAction">
            <result name="success">publish_order.jsp</result>
        </action>
        <action name="RequestAction" class="Action.RequestAction">
            <result name="success">request_order.jsp</result>
        </action>
        <action name="CancelRelease" class="Action.CancelRelease">
        </action>
        <action name="AgreeRequest" class="Action.AgreeRequest">
        </action>
        <action name="RequestHomepage" class="Action.RequestHomepage">
        </action>
        <action name="EnterDetail" class="Action.EnterDetail">
            <result name="success">self_page.jsp</result>
        </action>


        <!--JumpAction-->
        <action name="LogoutAction" class="Action.LogoutAction">
            <result name="success">register.jsp</result>
        </action>
        <action name="EnterRelease" class="Action.EnterRelease">
            <result name="success">publish_order.jsp</result>
        </action>
        <action name="EnterRequest" class="Action.EnterRelease">
            <result name="success">request_order.jsp</result>
        </action>
        <action name="ReturnHomepage" class="Action.ReturnHomepage">
        </action>
    </package>

    <package name="Ajax" namespace="/" extends="json-default">
        <action name="VerifyIdAction" class="Ajax.VerifyIdAction">
            <result name="success" type="json"> </result>
        </action>
        <action name="SearchAction" class="Ajax.SearchAction">
            <result name="success" type="json"> </result>
        </action>
        <action name="ScoreAction" class="Ajax.ScoreAction">
            <result name="success" type="json"> </result>
        </action>
        <action name="FollowAction" class="Ajax.FollowAction">
            <result name="success" type="json"> </result>
        </action>
        <action name="Request" class="Ajax.RequestAction">
            <result name="success" type="json"> </result>
        </action>
        <action name="ViewFollow" class="Ajax.ViewFollow">
            <result name="success" type="json"> </result>
        </action>
        <action name="NewOrder" class="Ajax.NewOrder">
            <result name="success" type="json"> </result>
        </action>
        <action name="followReservation" class="Ajax.followReservation">
            <result name="success" type="json"> </result>
        </action>
        <action name="IsReservation" class="Ajax.IsReservation">
            <result name="success" type="json"> </result>
        </action>
    </package>
</struts>